id,fold
000e218f21,3
003c477d7c,4
00441f1cf2,0
0050766ae2,5
005b452274,0
0061281eea,0
008a50a2ec,1
00950d1627,4
00a3af90ab,1
00cda0328c,2
0108518d1e,2
010ee525b6,4
0115703825,5
01323211a0,3
016fc8031c,4
019afb4b4e,4
01b5362cce,4
01c033e116,1
01c2045d03,3
020376e68e,1
020678ec1b,4
02117a400e,3
021494f3aa,2
02206b234e,4
022b1b01be,5
023d486fba,4
0243477802,0
0249c49180,2
026b509cd4,2
026f97575b,2
0280db420c,2
0280deb8ae,5
029c321179,3
02adf272e9,0
02d40993ab,0
03049b14ca,0
0304e9ac37,5
03511989ac,1
0389fc6012,3
03a9a9f615,1
03be56aa9a,0
03c9b5ffe8,4
03eed26d3e,0
0401ae15d3,0
04182ced8e,2
041925f04c,2
04234be388,1
0429d9759b,0
042c3d4e03,1
04315b9a64,1
044106f759,1
045c5516a2,1
0461a2fb30,0
04711cb760,2
0473e496e2,0
0497f2d447,0
04c48c9743,4
04cd9599a3,1
04e7e791e2,2
04f7a73f2b,2
05139ad3e5,2
052de39787,4
0530b67189,3
0532916483,4
053a6f6704,0
0558ee87d3,5
055ec918b9,2
056bfa0cc8,0
057eae4f34,3
0589f557d7,1
05a61e5799,4
05b69f83bf,2
05be526826,2
05be75afd9,5
05c33e6854,0
05c7033694,2
05d9351a35,5
05f09b380c,0
060cdfded5,3
060f14fcee,1
06289f69f8,4
063cf2a23a,2
0642bbbc5f,1
06523f9719,0
065ce5590e,4
066e0ce4c3,2
069035a9b5,2
06a361fc57,5
06c2c49688,4
06d21d76c4,5
06d3201dd0,2
071c81c9ad,2
071d5aa17f,2
074673a5f1,4
0762a99eb4,2
077cb8696f,1
078f36a006,0
07a81dccdc,5
07ac7e530f,1
07bb074759,2
07cbc65347,2
07e08eee37,0
07fef26d18,5
08173ef66c,3
0822e176b2,0
0829b44678,0
082d2910a8,0
0841984941,2
084d3ed9c8,2
085e7a048e,3
08640ede7a,5
086deb3ccb,1
087192e2ec,4
088a402727,5
0898e36ee6,4
08993551ae,0
08bafa2eee,3
08c2070b20,2
08dc3c9a23,2
08f3346b8a,5
09152018c4,4
0923f7bef9,0
0926b7396b,2
0937b1df3f,0
0951f85203,4
09541ce79b,2
0977568b54,3
098c5f3e75,2
09b7182dc5,2
09b9330300,0
09e29fbb74,3
09ee5831f4,4
09f0f1f414,2
0a0814464f,1
0a1742c740,5
0a18b314fc,0
0a19821a16,4
0a31d7553c,1
0a41de5e3b,4
0a7e067255,1
0aab0afa9c,1
0aabdb423e,0
0ab5e14937,0
0ad0876244,5
0ad38c8f25,5
0adb490de5,5
0ae08cc1b2,5
0aea45ba8f,4
0b176124c4,2
0b45bde756,5
0b73b427d1,4
0b7459a0af,0
0b7b00ebfd,2
0b9981aba1,2
0b9cb1205a,4
0ba541766e,4
0bca43f7ff,4
0bdd44d530,2
0be923c49b,3
0bed5f2ace,0
0c02f95a08,5
0c089f7c1b,4
0c0f001366,2
0c19639aeb,1
0c376f6728,5
0c600207b1,5
0c62dfc234,3
0c62ed4494,3
0c6ec35477,4
0cc1d0e4c4,3
0cc3c31d1a,1
0cc5805a92,5
0ce329b5f9,5
0ce8a6ae62,4
0cf7155eb6,2
0cf9c803b8,3
0d19f89dc9,5
0d3b5ec2a8,4
0d8ed16206,3
0d9adabb2c,5
0db1b4c199,3
0dcf4a11a6,5
0ddcd3fd1a,0
0deadce8f1,3
0df375dc9c,2
0df53ae04c,3
0df9f16bc9,5
0e16439e05,2
0e53e6294a,4
0e63d9a8b4,3
0ea5ea6946,0
0eacc93ff3,1
0eb52aa52a,2
0ebe3ee1ad,1
0ec68b2e42,5
0ece337a15,0
0ee8a744eb,2
0f02cec809,5
0f19680b4d,0
0f20f0242c,5
0f3118527c,0
0f4637e4b7,5
0f5ada4dc3,0
0f613bd191,1
0f6e788cdd,3
0f762f2746,3
0f7aa746d6,3
0f9977b1dd,2
0f9b1dbc3f,5
0f9beb1453,1
0faaf196b4,3
0fb7b2772a,5
0fc5ad7e3b,4
0fcbd0567b,4
0fd38464c3,5
0fea4b5049,0
0ff9f243e5,3
1017084680,2
1019e6ed47,1
103713e20d,5
1037da2ff7,2
104ce199d8,2
106a222c7c,1
106e4043ba,1
1075fa3200,5
107f1047c1,0
10833853b3,4
109bccf6c6,0
10a1a5b78f,4
10aa115164,0
10b19bd1f8,4
10e1c8e23a,3
10e835f9ab,2
10ecfda568,0
10f24c23af,2
10f3d01ddb,1
113b017a91,4
114397189f,2
114d62da56,5
114daa1bed,2
11518835a4,0
115ee54da8,4
1167a2bec9,2
1169f5b1fb,1
116bd22fd0,5
11a14b9fcd,2
11a54f2eff,1
11bfb46a23,5
1263576548,0
1267729ffd,5
1268fbf8c2,5
126f253739,4
1277f1a611,3
127ef4105f,1
128f3b0e36,0
12a953a079,5
12bf4f2d3b,3
12c92c9f70,2
12d09b9fa4,3
12e859e91d,0
12e94a5a08,3
130229ec15,1
13037dfbb2,2
1306fcee4c,3
1313dbf1d7,1
131ca4b83d,3
13209940d7,4
132e30cffd,0
13483cd62a,3
135ae076e9,3
136af05158,4
1379940546,4
13adf02399,1
13f3daf89f,5
13f448be07,3
13fb17bf13,0
1401f04c4b,5
1414606ab4,4
14152a6731,3
1435d5602c,3
1439570aec,3
143eefe05a,3
1463aee5b3,3
146ec37657,3
1495558064,5
14a89a1840,4
14bba6af57,2
14c16f99d5,5
14c6a2d399,1
14da113475,1
14dcf18fb6,1
1544a0e952,3
154948ae6d,3
155bcd4b4d,1
157b2aa3e0,0
158765ed16,4
15d079a8e8,4
15d76f1672,3
16017c8e02,5
16207869ba,0
1621c14879,2
1623de321c,4
164873b51f,2
16589f0702,4
1664b6a6d5,0
168f625d62,3
16a9609841,0
16b2119ffa,4
16bee00afc,4
16cebad726,5
16e308dbc3,2
17113fd0bd,3
1724889841,1
1739b1634d,3
173dd2f369,2
174b478747,4
174ebb49df,5
1751290ca2,0
176ad39bc7,2
1770691c51,2
178bd2185d,4
178d777950,3
1790f3520c,0
17972a6517,2
17a6639049,5
17a8b7e7f3,0
17bb0d4b3e,5
17be1887b9,4
17c5d2464c,5
17c6355815,4
17d70fee5c,0
17dd87aefa,1
17dde2138e,3
17e67f9ce4,0
1804a4c064,1
1804b11f9a,5
180d2ec2cc,1
180f0a1854,0
1821c518da,3
1825fadf99,4
182bfc6862,5
182ea1798b,0
184356736e,1
18449e54f8,3
185172060e,1
18590f686a,0
186d861771,3
186edd93a3,5
18ac660fbb,1
18b26e968c,4
18c4cdefec,3
18d013fced,5
18e2325a5b,5
18ea3802ca,3
18f3626b0f,2
18fc51d517,1
190ea39ec4,0
190febf6cd,1
1925c11fce,1
1931feb9b8,1
1937cfedc5,2
196cffdb4b,1
19843b4e95,1
1986fcadda,0
19902af6bd,4
19b7d2e2bf,0
19bd49e478,2
19cc342b91,1
19d821e8e4,3
19e749d0b1,3
19fdb270d6,2
1a0996a817,0
1a1b0c1549,0
1a288f27bf,1
1a28f06897,3
1a2918c9b4,2
1a2d060823,2
1a37af90c1,4
1a4278325d,5
1a4ffa4415,5
1a5c093750,3
1a67b08604,2
1a72cc3d3e,1
1a7f8bd454,2
1a8a17f220,4
1a8c4fd6ea,5
1ab49f29e9,5
1abe5e8a3d,1
1abf3d7f60,4
1ac058f0a4,1
1ac4fd8022,4
1ad2135efa,4
1ad819c49a,4
1aef65e24b,1
1af44a9db0,3
1af9e4bbd8,2
1afddc8196,5
1b073494ab,5
1b0d74b359,1
1b2c817dd0,3
1b2daa0f13,2
1b5a148cd3,2
1b5c4051d4,2
1b61e02423,5
1b6919f87c,0
1b71d67404,4
1b8d100712,3
1b9865501f,0
1bd1c8c771,5
1bebafb9f3,5
1befe1ba44,5
1bf062bda2,4
1bfe4907c1,3
1c02222ef8,3
1c0b2ceb2f,4
1c20fc4477,0
1c3397d0ef,3
1c37e37fbf,0
1c41821d13,1
1c6237ae58,2
1c687fea93,2
1c6f7aac78,5
1c78d88cb8,5
1c8f6881ac,3
1c9fa3dff4,4
1ca865b041,2
1cad8c327b,1
1cb4733828,3
1cb9549d2c,0
1cc428e57e,0
1d0a131f99,5
1d0c2fa004,2
1d2382ac3f,5
1d2c8152bd,1
1d2cd614be,0
1d4e60eafa,3
1d685060b2,0
1d798aa5d5,0
1d7a812c76,5
1d80de2ec9,0
1d93614392,5
1d93cf8169,5
1d955f8103,0
1d9bc2591e,5
1d9f4e875a,4
1da21e7498,0
1dbc694c5d,1
1e2bad4d81,3
1e4a233a70,4
1e4c96a9cd,3
1e5e713964,4
1eaf42beee,1
1ebc029ba0,3
1ee0d5b4d0,0
1ee82dabee,5
1efe1909ed,1
1f0b16aa13,2
1f1cc6b3a4,2
1f1e11aee4,1
1f3299c2ba,3
1f33387a8e,1
1f50bc7a9f,2
1f6afee5ca,0
1f73caa937,3
1f7e3eef06,0
1f805e4733,4
1f8bf8c5d0,4
1f9dcb9a1f,0
1fba03699e,2
1fec8e839a,2
1ff0aa7f05,1
2010b17cf6,3
20349d0a12,0
203f6117be,2
204c4657d5,2
20658e781f,2
2067c20654,5
20894faad9,3
20a0f53112,5
20a4dad0c1,4
20b11dcfb8,2
20b26a6ea7,1
20c99dee06,1
20ed65cbf8,0
2101c21f75,3
211dca3b80,1
211eb21702,5
211fc910da,1
212ba67b51,2
212f074587,4
213e0a9f7b,4
216aa6275d,3
216e2a7492,2
217a70a0cb,1
217eeca27e,5
21d01a8e82,1
21df07989f,1
21e1d6e38d,3
21ec084221,1
2226df3ca1,0
22398d77b8,5
223e0c3942,4
225ae42209,5
226eeb7c67,0
228f9cee2e,2
22a889c9fc,3
22b0774178,1
22e7cc183f,4
22fdf96a54,1
230226a446,4
230b98e713,1
231fc4e8e5,1
2356ec6570,2
236a5cc090,3
2380664922,0
2388b3eb40,5
23a17b87e7,4
23a7afcb36,3
23afbccfb5,0
23b7bf14c5,4
23bbdfd154,2
23c72b10cb,5
23cdfc53fe,3
23e1bb3ee8,3
23e5717c0f,0
23eb8cfbc0,4
2424f4afc7,0
2425501bf4,4
2444e83809,0
24522ec665,1
246d86ba32,5
24a38972a3,5
24a8ae9bb9,1
24b40af38f,3
24bf79cd1e,4
24c102ca1f,2
24cb80b5da,0
24d67576d0,1
24e98d224a,3
24f27c4087,0
25143d7837,3
253eb71c3d,1
253ee294d9,1
254efd9043,0
2556c23489,5
255e6ef6a9,2
2578042000,3
25845ace3d,3
258a5db63e,5
2596227117,3
25a9f40814,4
25bbbcd4a4,5
25bd98aec3,4
25c415e373,0
25d24d4554,1
25db231ea0,0
25dc959ebd,0
25e4b6fd77,0
25e519b494,1
25edb9edb3,2
25f2e30c66,1
25f532d7cc,5
25fb3a895a,5
26000ba320,4
2615b5210d,3
26281da345,2
26382e2d1f,0
263bd9dfd6,0
26527458de,5
26808abb2d,1
268baf2d43,4
268d39db25,3
269b6cad0d,2
26a76b910c,2
26ae98fddb,2
26ec6ef9df,5
2717821409,2
276807c93b,5
2775c5f447,0
27870bb184,1
2787bfe603,5
27a240a570,5
27b5526adb,5
27c035c5ae,1
27c45fef01,2
27c4850501,1
27d0d9af30,1
27de423ad3,5
27e12cbcea,2
27ec51c877,5
27efc3195e,0
27f6632fd1,4
27f923aac9,4
280dcd0b2d,0
2821f70a5a,5
28553d5d42,3
285b9ba056,1
285f4b2e82,4
2874150952,4
287aea3a3b,0
287b0f197f,2
287d035464,4
2886e27fb6,5
288c4c1941,3
28948eeb9c,3
289af097b0,5
28a1187a4e,2
28a9c6e5fe,1
28ad4e60c5,1
28ca5ff16f,1
28d42de29f,2
28df927e87,0
28e3c1128c,1
28f6f52c8f,3
28f865caaa,0
2903f6a1db,0
290e9d9748,4
29162a3471,2
296a04bc06,1
296de39be2,5
2993a272be,2
299ba3cf34,0
299ef808f6,1
29a1b18e79,1
29b25b5f03,2
29b5ee6cf5,0
29beb70925,2
29c033e8e4,0
29d8bf3a4c,3
29df15c1ce,4
29ea4f92c3,2
29fd4ba626,4
2a00ecc904,0
2a070f3dc6,4
2a16af2ae7,5
2a26fb616b,1
2a484baa26,3
2a49169951,1
2a5805ad13,2
2a6477aee8,1
2a71003f75,2
2a9190ed84,1
2ae425e5a3,1
2af008d773,4
2af240d261,4
2af3c055b2,1
2b160a1291,3
2b1e71c2a3,3
2b2fc71ee1,5
2b30313d2c,1
2b39f9a88f,4
2b405e7016,0
2b55bdbda1,5
2b723b8474,4
2b76b47947,2
2b77f82b42,0
2bc179b78c,5
2bc8a3db3c,2
2bca4fe522,3
2bce09096c,0
2bd87e0587,2
2bd913a165,4
2be45a7fa3,5
2bf5343f03,2
2bfa664017,3
2c3c64402e,0
2c45b152f1,0
2c707479f9,5
2ce9c36a98,2
2d20ee4eff,0
2d3c0a68f9,4
2d4e7a937b,2
2d5f4b0213,0
2d64b6a8cf,3
2d7a83381c,5
2d8a3a262b,4
2da763222e,0
2da8da57e1,1
2da9564e53,3
2e035505d6,5
2e69b6eb16,5
2e7921981a,5
2e8bf3f7b3,0
2eae73b03a,5
2ebe2eba03,5
2eca5f70b1,5
2ecb2b0797,2
2edf2e3e05,4
2ee6e81e4b,5
2eea9d51a4,4
2f00b33427,4
2f20c083c2,3
2f2e86de0b,4
2f35ac4b87,5
2f3eff4192,2
2f493f72ff,4
2f4fb95bb7,5
2f5377ea9d,3
2f746f8726,0
2f8b36c386,1
2f8e4f82fd,1
2f917b1124,0
2fa330e8fd,3
2fa4260cde,3
2fa889172a,5
2fb152d905,2
2fb6791298,2
2fbde8630d,1
2fc6fb555f,2
2fd6d25adb,1
2fe0292eea,3
2fe186a2c6,4
2fe4adfd48,2
2ff32a1188,4
2ffe02e882,4
2ffea0c397,3
3004f41177,2
30082e87d9,0
302ea1ac81,1
30307d5103,4
30491b379f,2
306e6e7743,0
3072ae3119,3
30787ad7df,1
308a9348e0,2
30badffdd5,2
30bb4cd749,0
30cb1002fb,1
30cc3d3982,4
30d4fb116b,5
30e4d22141,0
30e5cfec08,4
30ff4f38cf,1
3116a9d54c,1
31250cef62,3
312c4ce754,1
314db606fd,0
316074fdc4,2
31683f8a18,1
3187bf5c2d,0
31a4341eb6,1
31aaa04c63,5
31b003483c,4
31b1314c62,0
31b7874f49,2
31ca053bec,4
31d35c7c1d,2
32062fff08,5
3218afdc84,0
321f21e02f,4
32273eef45,0
3228f203a3,0
323882f716,1
324eb2ec65,3
32599d97bb,0
325cde4fa9,5
3276e900a7,5
3281bb7282,5
32887c2719,5
32afbf53f6,0
32f1039c61,3
32f4fd66ae,0
33041df256,0
33159fbb9b,4
331ec135dd,2
3320eb35e4,5
335474f8ec,1
3358462c1b,2
336e1995cd,4
3371d166f0,3
337b30caff,2
33820f50d8,4
33887a0ae7,0
3391f0befc,2
33b50159a7,2
33ba7dd9a1,5
33dfce3a76,4
33dfe8b243,3
33f32ff406,3
3404341cc6,0
3406ef6042,5
340c808130,1
340fe814a3,5
341f6694f1,2
34205cc12b,3
343b0359b5,5
346358e652,4
3480629331,3
34831dcd0c,0
34b32c5b5d,5
34bd0facd2,3
34bfcfa11b,4
34d2af0f86,4
34e51dba6a,0
34f61e9a54,0
3501da04b2,2
3507f73405,1
351ea99ec3,3
3525fcea1e,1
3531c9193f,3
35499d9dd6,4
356fa48ac4,3
3577258d6b,1
358b9acfb5,3
359128303c,2
3598c246d7,5
35b34a9da1,4
35ba6f2faf,2
35bbf1302b,4
35f3cb48d6,2
35fd991255,0
361d5e6834,0
362cec7849,3
3634f29aac,3
363a171d90,1
365abbdf77,0
365bdf0ae1,2
3662fffe30,4
367c6fb412,1
3685aa0e78,5
368767c9fd,4
3687839ecc,1
368f635c4c,0
36a6901cae,1
36aa21019e,2
36ad52a2e8,1
36b768bfa7,5
36bc8044f8,5
36db23ceb8,4
36e68393b6,5
36f332bd11,2
36f9ab3ee0,4
370763b8a9,0
37251064bd,5
3734601c15,5
376e55e566,2
3782748f51,5
3792be0845,2
3794cd4d73,1
37aa9fc79a,4
37ba215c62,5
37c95ff7df,4
37df75f3a2,2
37e16a5404,2
38063f77a8,5
380dea2a5a,2
380ff30e30,3
38178b0ded,5
3822f73c1c,5
38232d1fe3,1
38438eab6c,5
384d50db49,0
3862950849,3
38673ade97,2
387aa87ae2,5
387b6956c4,0
38a15dee44,1
38c0d9ca8e,2
38dfaadc68,2
38e018ea0f,3
38ec59117e,3
38ed2aa7cb,3
390355fd73,4
393048bc6c,1
393f2db0b0,3
39400e0443,2
395726930f,5
395e668f22,4
396ae389d8,2
3975043a11,2
397f00cf61,5
3984ed8d4e,4
399694c381,3
39a05bf91f,4
39a5b5f33a,4
39cd06da7d,3
39dd1c43bd,0
39f101a807,3
3a068284ed,1
3a310860a3,5
3a3281b37d,0
3a33e1eb89,1
3a3e1e824d,1
3a58606814,3
3a5e5f4202,5
3a690dbd1b,1
3a7bbd73af,5
3ad9500e43,3
3b05fe7a3f,0
3b2f902ec6,1
3b4be071a8,4
3b5c0e9308,0
3b5e9c6e05,4
3b9586e2ff,1
3bbf82fc28,2
3bd3216e16,4
3be0c0be8e,5
3bf70b71cd,4
3c1097c378,4
3c10a71f62,0
3c1d07fc67,5
3c1ed5cc1f,1
3c2ea1a63f,4
3c2f5ba174,2
3c30b8e27b,2
3c35e3ad94,1
3c3e74faf6,4
3c66e5ab54,0
3c6fe4b7ba,0
3c7e2d60a7,1
3c9931bca2,3
3ca252f526,4
3cb59a4fdc,2
3cc59342bd,0
3cd0ce6e18,5
3cd4d01b7d,0
3ce41108fe,3
3ce657b8f7,3
3ced3ed63e,4
3cf0203cfb,3
3d0acb5c90,2
3d0f8c81ce,2
3d339265c4,3
3d4bc58424,3
3d6d400816,1
3d781526c2,2
3d99801810,3
3da64841d8,0
3da729cae9,3
3dae882971,0
3dbbc237c5,3
3dc4b77bb5,5
3dc8ca137c,2
3ddb2ff7a4,3
3de0c773e1,2
3df62de11d,3
3e1c11cfa8,3
3e3431be2f,3
3e84576386,1
3e87545802,3
3e8b5729dc,4
3eabf280ed,5
3ec0423139,4
3ec30a713c,3
3ed6168b22,2
3ed6d1c7df,4
3edc3edf92,0
3ee1cfb6a6,4
3ee4de57f8,0
3ee87f1ea6,1
3f22f2ef0e,5
3f2865df45,4
3f5adbdcc7,0
3f76f25042,4
3f8634704b,3
3f8a8f4715,3
3f9df26c0c,2
3fc4d6b6ed,3
3fc79d2ece,2
3fd0ef2d38,5
3fd616ef00,4
3fe0ac38f0,5
3ff3881428,2
400e66f34e,0
4015200239,1
401b591c07,3
403cb8f4b3,3
404b62a4d5,2
4079c73376,3
407bd44d31,1
4085f8522d,2
40a571cf0f,5
40a7f422e2,4
40aaac97b1,3
40b45f1871,5
40bb5a9cbe,3
40ccdfe09d,0
40d01e18a0,1
40d96e8022,0
40dcff68b3,1
40e8e14e60,2
40fbc03558,5
415eb5b72c,0
416101e57a,2
4161f35a4f,4
417833daa4,0
41895b0f40,2
418a13df5c,1
418b7878a8,2
41a4f7424e,2
41cfd4b320,3
41e173a1e5,5
41e2137184,5
4210e9e5d3,4
423800be38,4
423ae1a09c,1
42758bb41a,3
4279e747a0,5
4285c2ffe8,3
428a877104,1
429b289e07,4
429bf7c665,0
42a3baf571,2
42b9ff31aa,1
42c563d895,2
42d64f2d78,1
43001d32e7,4
430ef30e87,4
4319885cf1,0
4329ab8cf6,4
432b8b6a71,5
4336ac847e,2
437fbb64d4,2
438443e0d3,2
438b4cc6e3,4
43a1dbb062,0
43a9c21cea,4
43ec939286,3
44047c3e10,2
440534c8dd,3
4433b159db,2
44381a3f55,5
443985b709,1
44425dc49d,3
444c32935c,2
444dcc147b,2
44ac5b2526,2
44c8aed146,5
44ccc2d846,5
44d745a704,5
44e3f20074,2
44edd661a0,1
44efef9c4f,1
44f2ea3584,2
44f5dd71ab,4
4514686882,2
4514d46495,2
45180088a6,1
4520536c03,0
452b06b003,4
4541761ba4,4
455c8febce,0
455d05742a,2
4575e490e4,5
457d5edb4c,2
457f80b1c5,3
458a05615e,5
459396b418,2
45a1f78171,2
45a2a01008,1
45a7562dbf,1
45b5f91d83,0
45f292bb41,2
45f31c81d4,2
45fb16d378,3
4608c638bd,5
4618b50b42,4
4630209118,3
46386ca4a3,0
4654389112,1
465463b009,2
465486e6ec,2
465f93cd9c,2
466030918d,3
466548defe,1
46673b0e2d,1
467469da7b,4
4680bc7373,4
4696bb53e6,3
46b424e067,4
46b7364b81,0
46bbe12b2c,0
46bec86213,1
46c1a0e9a3,1
46dd77ede5,5
46f402dcd5,1
4702cdd4f0,0
47048ac10a,0
47398efeb4,1
4743e3bf8d,4
475fafb8e2,0
4766b51055,3
47729d4ee5,4
4776354474,3
479cb24efb,2
47aba1e35c,2
47bd268dcd,1
47fd4036e7,2
481ed855f2,5
483372b203,1
483b35d589,2
4848a3a509,1
4864559ba5,3
486ae46ba0,5
4875705fb0,1
488f5f133e,4
48940ae0b0,3
489a8fd021,3
48a18f5386,1
48b63017da,3
48b8dda801,2
48bb098115,5
48d34846d7,3
48d81e93d9,2
48db3b8c5f,0
492383a53b,5
49336bb17b,4
494daad56b,3
495a2d3c7c,5
495e5d8dc0,0
4985566e7d,2
4986fb6755,0
4989c6509e,0
498d327724,1
499560e566,4
49a90688bf,5
49d061af38,3
49f22705ea,1
49fe2ee7ba,2
4a11c0f4ad,4
4a12baccc4,0
4a27de03fc,3
4a39459597,1
4a5595076f,4
4a5dd4ab45,1
4a7418a5e6,1
4a8d55bdf5,0
4ac19fb269,1
4ad2ddacfc,3
4ad8a63538,5
4b019a8354,1
4b0bf2f4a1,1
4b0c5aad63,3
4b15912a41,0
4b17d5fb8f,0
4b2af55ae6,3
4b3502ca99,4
4b44c94892,5
4b522e501e,2
4b72e35b8b,4
4b873df7a2,4
4b9862566c,2
4b9b8c2e44,1
4bb8260218,4
4bc87727b5,1
4bd876a71c,3
4be0764138,1
4be85a3110,1
4c36178b41,5
4c43d99f68,4
4c4556fff0,0
4c7e3c71e6,0
4c7f2b2c18,1
4c8132dc73,1
4c89e94e36,0
4ca8350f11,3
4ce60abe5f,1
4cfee4b097,2
4d03329aa4,5
4d04dcd959,4
4d1efb19d7,2
4d2ede6b7a,3
4d33311a1e,0
4d341171a4,5
4d4adc5623,5
4d58e8d8ff,1
4d6121dae0,4
4d684d99cc,0
4d7b42314d,4
4d9b845652,4
4d9fa2d97f,2
4db68c7d25,0
4e3ccf37ee,4
4e41f7a5df,1
4e47ff086f,4
4e4cadf03f,1
4e51caa68e,4
4e5d643b2f,4
4e6855dbae,4
4e7d4502bc,5
4e86258646,1
4e89a919ed,2
4e961dd0ed,2
4ebed82264,0
4eccb0cb9d,0
4ed12ec89a,0
4ed2467e7c,0
4edadcf4c4,1
4ee4b3485e,3
4ee5d2c629,0
4ef0559016,0
4f02bab289,5
4f105993c5,2
4f30a97219,2
4f3368a855,1
4f349b5ab8,1
4f5df40ab2,2
4f62a5bb14,0
4f6328bf93,5
4fbda008c7,2
4fd99d2b52,1
4fdc882e4b,3
4ff5c5ef47,4
500683ce7e,3
500d909b87,0
501c68e571,4
50251a9572,4
50290e75f9,4
502b97b954,5
503aba826b,4
504c4a71d2,1
505483d249,3
5081bad441,3
50b3aef4c4,2
50d3073821,1
5103df3d79,0
5108785aaf,2
51179a1815,0
51423622fd,5
5155ad847f,1
51846d4c96,4
51870e8500,5
5187e13789,5
518ee8cf52,5
519cc2a871,2
51acfd1399,3
51b639314d,4
51be9fc3d5,5
51d1696054,2
51e82eaa5b,1
51e8e6bfc4,1
51ede1c702,2
52020f0fd4,4
5203d6e046,3
520fdf987c,0
525be73de5,4
52667992f8,5
526d63530a,2
527c3abd5f,3
528cb6678c,3
52914952d6,2
52a0f74bfe,5
52aa9a9703,1
52ac7bb4c1,0
52ae147d60,3
52e7de7430,5
52fdbf981f,2
5306b708be,5
530f759c6f,1
5326fad561,3
533a731c99,0
5343d4837c,0
53485dc0d9,1
535503063e,5
5378360450,1
537f18bd97,4
5395202313,5
53b480e29f,5
53c79255ba,1
53dab98a36,2
53de66df2a,2
53e17edd83,1
53eb356632,1
5423d6049c,5
543acdb5f7,0
543f5887a2,3
5446a64ba5,2
5448c46aac,1
54629440c9,0
5468ed796d,1
547c9d83fd,4
54842b574a,3
548887f17d,0
5489419bef,4
5489a9e706,4
54a3636ba6,2
54cb8bdbe2,1
54cfa66336,0
54dd074cd7,5
54dd4658d1,2
54e2419450,1
55111519ec,0
553733b17b,3
5559e0ceab,3
5575337f66,3
557feaaf65,1
558b11d1b8,5
55a49950a0,4
55e9012561,0
55f1ea73b3,1
563191e71a,0
565d2342f2,0
565f9c3fce,3
566ac48e00,4
5673036fa1,2
5677f991b7,2
56810440c4,4
568d119e66,2
5691530ff4,5
56974f6864,0
569f85c4ce,2
56a4e5c1e5,3
56ab4fae30,2
56ac0f17be,1
56ac5605d2,0
56b5540fd7,3
56ced19ad6,1
56d025f76c,3
56d6d999b8,5
56f4bcc716,2
5701bbfe46,4
570d1da727,3
5717740aa6,1
571b14e631,2
571e63d0bc,5
57293a65d5,4
572cb220d2,4
572f0b1ad8,1
57302cf4b6,3
573f9f58c4,2
575d24d81d,4
576fd5de16,2
578aefa47e,0
578b502c6d,3
57904adf94,0
57e0cff707,4
57e394bc67,4
57f8b13094,2
57ff97666d,3
5800248c17,4
58135d5189,1
581e7f38d7,3
58777a8c79,0
58789490d6,3
589e94265a,0
58a51c861e,3
58ad72a266,3
58d177c0d0,5
58d62862fa,2
58de316918,3
58edb9b58c,3
58f752db3b,3
59092e355d,2
590e32af63,1
590e6bdbef,2
590f7ae6e7,2
5936740d48,4
594712691d,1
5948185d4d,5
59597a8431,1
595deae139,0
5970137a1e,1
5990041346,1
5991bd3f1b,2
59944f0f92,4
59b1bac5d5,0
59ceec4f7c,4
59dabe134f,2
59dfd4c7e5,3
5a02df7676,3
5a3c38104c,2
5a6cd229a9,1
5a6f57c150,2
5a6fa22207,1
5a7a933a05,4
5a81181e41,5
5aa0015d15,2
5aca18a605,4
5ad4b1d1ff,1
5ad7172ca7,4
5aee63c515,3
5b217529e7,4
5b2282b51e,3
5b28c5ba50,1
5b3b86341f,3
5b435fad9d,3
5b72ade49e,5
5b7c160d0d,5
5b836d2444,1
5b86544456,1
5b8dc086ff,1
5bb48ef0ea,5
5bb976391e,4
5bbcd70d2f,0
5be9925bca,5
5bf5d82829,5
5bffe3b52f,1
5c0cde01b7,2
5c28eec331,3
5c297b5dcd,3
5c33b65396,1
5c51c23a7b,5
5c616dea00,3
5c65a9775b,0
5c70da6c2d,5
5c7f310937,0
5c87971507,2
5c8ce5869b,5
5c9326f1e4,5
5cada3d3f1,5
5cb2496125,3
5ce554e890,0
5cefe5b52c,2
5cf1f1e7f0,0
5d07e84138,5
5d0a9c5b0e,5
5d4dcb9d8b,1
5d600057f5,4
5d6126f459,5
5d7424eab2,5
5d752d6d4a,1
5df9874c5b,1
5dfa4cfa2d,1
5e09ef27a6,0
5e0d2e6c25,2
5e350fa662,0
5e3c2aa2bb,1
5e58ed4adb,1
5e85356a28,3
5e95137d5f,1
5e98f349f3,1
5ebe9e404d,0
5ec4b8eff9,2
5ec6db5c9d,0
5ecf1f5cb4,3
5edb37f5a8,2
5edca1bb89,2
5ee2d40bbb,5
5ef096aeac,4
5f1aa014c5,4
5f1df5e4a8,1
5f248cf0d6,5
5f397e0074,5
5f3b26ac68,5
5f43816c42,3
5f45291a7a,2
5f48c8c123,3
5f51a19f9e,1
5f7c5c59f5,2
5f8370ed60,1
5f8b4540fd,1
5f8f40ce31,1
5f98029612,3
5fa536d1fd,0
5fa87fc4cd,3
5fabfdc0b6,5
5fc8bb94aa,5
5fd2a3ef64,4
5fd411e302,5
5fd8ed2395,2
5fe333fd26,5
5fe4e3f5e6,2
5fe599e1a5,5
5ff89814f5,4
5ffd928d1e,0
6010b9b84d,4
602dc99f10,1
6040cbf086,3
60584b31d8,2
60638605b1,0
60698e8fd2,1
6074c5b0bf,3
608567ed23,1
608574722a,2
6092afaec7,4
60a0ca8d0e,4
60b3d0d613,0
60b7303d20,1
60bbd166a4,2
60d3607be2,1
60dccbc52f,5
61321814ce,5
6138f82415,5
613fb95edf,2
6150f39f8d,5
6153c227de,0
617c746fca,0
618f843c7a,1
619edf8941,3
61b42f8f0e,0
61bd2ee822,1
61cfb43abf,3
61df7e1f4d,0
61eb86f1ad,4
623565cb2c,0
624bd59549,5
6252a820da,1
62715133c5,4
6272ae54bc,4
6285015437,4
628ab35fe8,2
628ea36ba6,4
628f1de539,1
62966dffd3,5
62a0ee9480,1
62a8f89a19,5
62aad7556c,4
62d30854d7,0
62d6a9b673,3
62de954435,4
62df3565cd,0
62e608259a,0
62e72fe39a,1
62f822b156,2
6306dd3a8e,0
6313ab72dc,4
63193879b4,4
631dacfc0f,0
633c7d5c80,4
6348c487a4,2
63532a858b,0
638d8572e9,4
638e7a825e,5
6397715bb4,3
63bed65d65,0
63d3cf63be,1
63e32c0cfb,2
63feb8de2b,5
640ceb328a,2
6419fd454b,0
641d0227e7,5
641ef8ba11,2
642c62a158,4
6457057cec,5
645abba5ec,0
6460ce2df7,1
6493c2cbab,4
64baad8029,3
64bfdd0b9a,2
64e050f295,0
64e79513a3,5
64f41e36f2,4
651b2c01bc,2
653c7e9f6c,5
65408225fc,4
6545c6235b,1
6558dcde17,4
6576184a08,0
657f2c34f7,2
659193a103,1
65a55b69b7,5
65aadb6f53,5
65cb9cbc05,1
65d05b81c6,0
65dc362682,5
65e01bd65f,5
65e2650a80,1
65eca0ad70,4
65ef110246,5
65fe1a0efc,1
66073ddce1,0
6636021b35,0
664e3eb07f,5
665e84dc42,1
6682af0131,1
66891ec970,5
668b41c03e,5
6698a570b8,2
669cb42011,1
66b4280f4e,3
66c603a013,3
66c61616cc,1
66cd32da94,0
66cd349922,3
66ced55b7d,3
66cf41c563,1
66cfa202e5,5
66e922c8d6,5
66eeb09788,0
66fed16154,2
670d9655d5,4
6738d474a3,0
6752a6815f,4
675cab373f,2
675fcfe29a,0
6760543d8f,1
676d100540,0
67a8e23baa,1
67bc6ac1f4,0
67d3486ac8,3
67db09fda5,3
67dfa4bcf5,5
680ce5b666,1
681ee85a7b,5
684555a30a,0
687dd94fee,3
68a2df3195,0
68b593f903,3
68b6abcefc,4
68bad6a787,4
68d00224e0,0
68d9f77646,1
69013a70ab,1
690281a93d,2
690514a3e4,0
69098163e1,1
690b1ce5f7,4
691dc0bc42,2
691fec8ce2,1
6940237693,5
6957579961,3
697af33de9,1
697f80cece,5
697fee88c5,5
6994342067,5
699608ddb7,2
69bb149e2d,5
69cddf572c,5
69ee613976,0
6a0f5a8b42,5
6a105e7555,1
6a1783be17,3
6a1fd3c67e,2
6a1fe1a81e,1
6a29fbd74b,4
6a3d92ce59,0
6a3f8feaea,0
6a57dfd211,1
6a6b42a6f2,2
6a6ebb2255,1
6a7506aa1e,4
6a89c7a85d,3
6ab003835b,4
6abe55deaf,0
6ac91c75fc,4
6af48dfcdd,4
6aff151236,5
6b0688f33f,1
6b2f79f6ff,0
6b2f7ba83d,2
6b377327b1,3
6b4d65ac6a,3
6b5b7c0ff3,2
6b95bc6c5f,3
6b996daecc,2
6baf05d61e,5
6bc4c91c27,4
6bffabbd91,0
6c0a545d06,1
6c25735f24,0
6c3a9009c8,1
6c40978ddf,0
6c4568e51c,5
6c45d80d1e,2
6c49b277aa,5
6c557220d3,4
6c5b8b3950,4
6c61beb5dd,4
6c6c1cbae9,2
6c793e5879,3
6c8ad32f36,0
6c91546a57,0
6c95018d5c,2
6caec01e67,1
6cafc8475b,4
6cb11aa807,1
6cc7ba6c56,1
6cf284fb9e,3
6cf6889e33,0
6d03f91961,3
6d17d3be2d,4
6d1afa9d46,3
6d2a5a2fe2,5
6d46f994ac,0
6d4fca6a35,4
6d55cabc8d,3
6d593a19d1,5
6d69267940,3
6d8a8e2e6d,5
6d93c0a95e,3
6d9b6a2c4b,4
6d9be2f492,5
6da01cc490,3
6da04e4c20,4
6db821bf5f,2
6dba47cc58,5
6dc7a51dd9,2
6ddd6a2ec1,2
6dea52e54d,2
6dfaae4996,1
6e1444d88d,0
6e1bb2e64a,4
6e3634da35,3
6e3bb2a882,4
6e3c46c2d3,4
6e409af2cb,4
6e691f1825,4
6e72c79c29,1
6e86fed535,2
6ea5191e2a,4
6ebb6826bd,4
6ec6e26ddd,4
6ecba60505,4
6ed0ef14db,2
6edb010212,4
6edba13f1b,1
6ee755c67d,2
6eeeda7f4a,1
6ef46555e2,1
6f0c88962b,5
6f19d11809,0
6f438c26f8,2
6f5c2712b1,2
6f78817a2d,3
6f79e6d54b,1
6fc88fcbed,2
6fe2b681e4,2
6fe4017680,1
7019c22c5e,4
702209f0b3,4
7053b28de2,4
705eb5d67a,5
7074e402ca,3
707f14c59a,3
70a32506ab,2
70b6a2347f,3
70c082d59e,5
70c7bb7616,1
70c8e14243,0
70c92bc80f,0
70ca8ebf7b,3
70cef9fcb6,2
70d9a282d1,2
70db04a203,2
70e5bd9d27,5
70e9442b06,3
7114209cf0,4
711c478c93,3
711e8ac5ba,0
7134e4acac,0
7135ca553a,4
7140b36ff6,0
71438f26ec,4
7145f7e956,1
71507ccc96,0
7187f4c02c,3
71a31f4356,2
71a5b1da57,0
71a7c521ef,3
71c0fd5516,5
71d10659ad,4
71d3bf0ea8,2
71d7482240,4
71ef380e21,2
71f6fcb48a,1
71f724c7ef,2
71f7425387,3
7205efa791,3
7242ab00b6,5
72544ea5b6,3
725a0ae373,2
725d92524a,3
7268aedee7,1
726a0d854d,2
7277ef5fef,1
728890d8f8,0
728917ca07,1
729c382e20,0
72c2499de9,1
72e05a5a33,4
72e1a1b225,1
72ef4718f3,4
730bddcc02,5
730eee262c,5
734df57cdf,0
7361f4e5bc,4
737e6513c8,3
739a9ab34a,5
73a2f6fb22,1
73a3712fcd,1
73a4c6a4bb,2
73c6a1ede1,3
73f58ba609,2
740070f15a,3
740d34befe,3
740e4ce45d,0
7410f440bb,1
7469baeb8d,1
7488e076ca,0
748f8f4106,4
74ab2a9b1a,5
74d1d03fc3,3
74d53a0d53,4
74d574653f,5
74d7a9df8b,0
74de17e9c0,4
74f00bb214,0
74fa9386ae,0
7504d73df8,3
751a212e82,0
7524d9b7bf,4
753371cca5,0
7547289453,5
754cfc4b80,1
7555f79a2c,1
755c1e849f,2
7568a9474e,5
7572c78534,0
7576015468,4
7576a8a091,3
7582c0b2e9,1
7588e9645a,0
759b3aaa22,0
75ad49564c,1
75b4a808b3,0
75c554378e,5
75c7d3b5a8,1
75d0e44b1c,1
75d70e2411,3
75e041fbd8,3
75eaea4cdb,4
75efad62c1,0
75fb579aa2,2
760ca73d1f,4
7616ee06bd,3
761eaf3fa4,3
762c7d7084,5
762f01c185,5
7633c6bb70,0
766784f810,4
76761b2a41,4
768d5f7ade,2
769d51b80b,0
76ae1014bd,2
76b4df03dd,1
76ba896225,4
76c76f8056,5
76d080ed6f,1
76e1428103,5
76ecdc5896,2
7709ec3c5d,3
770af4e501,0
7716aa7b58,0
7738fbabca,2
77415e7cda,4
77420e5628,2
774ee8afcf,2
775bc235d0,5
77608c7770,3
7769e240f0,3
776bdf9043,4
776d123d8d,2
778a92f420,4
7791af3409,0
7796858a9b,0
77abc5ed21,5
77acb619e7,0
77c071c12d,1
77c695369e,1
77ecd76754,1
7812fc8116,1
78299d7a47,0
782ae9b7e7,0
7845115d01,5
78b2d05419,0
78be8270bb,0
78c50b3977,4
78f17697f2,2
790f497dc8,2
792929a4c8,4
7972b70832,3
7977cbab6f,5
79fed5a697,0
7a095f0b21,1
7a0c8915be,5
7a0f1e9b45,3
7a25e51377,3
7a2cca4fe5,0
7a2eebff84,1
7a696bb878,3
7a6d32bcae,4
7a817b12b4,2
7a9610078a,3
7aa7e1b355,3
7ab70da99b,3
7aebdeb9a7,3
7aef9898fa,0
7af5b00299,4
7af84fef71,5
7b078e7517,3
7b0c7e28f0,1
7b2032d7d1,1
7b4ccb8113,1
7b596fc561,4
7b5d5d40fe,1
7b79d341cf,5
7b815ae7fb,1
7b9facc0aa,0
7ba58ee1be,4
7beceb5850,5
7bf203a987,3
7bfd026d91,1
7c0447f939,0
7c0b76979f,0
7c2609c66c,0
7c41f727b9,3
7c61d788af,4
7c6221dbb8,3
7c6a2df039,2
7c6f76a267,4
7c7125fd12,5
7c99d1c1eb,4
7c9c01ebe8,5
7c9c98aa11,3
7cbfebdf9d,1
7cc53fe88b,3
7ce6463bc8,2
7cf386709a,5
7d0b2f2046,5
7d0cea3489,0
7d14f8cfe3,1
7d41b0a6e1,4
7d48474434,3
7d52a376a7,4
7d5c34a95a,3
7d87ab4aa8,1
7d8b219e1c,4
7d8e29261b,2
7d963e0f5d,0
7d9f0dacd0,1
7db7a5fb8f,5
7db9b53d89,3
7de09d894b,0
7de95e0115,1
7deaf30c4a,4
7df36788a9,4
7df431274e,5
7dfdf6eeb8,3
7e138bf911,2
7e26f45eb9,5
7e40cdf1f3,2
7e58c5a1f6,4
7e5a6e5013,4
7e5cdca0b7,5
7e67ef84e1,5
7e68df3981,2
7e7276d088,0
7e737a6cc6,2
7e78a47cee,4
7e92ab6fe8,2
7e9e46174c,4
7eb42fe5ec,4
7ebd3f0cdd,5
7ec58d0743,4
7ec64d2b8e,4
7ec803b58a,5
7ec839af45,2
7ec97427ca,0
7ed0489985,2
7ed79f8f56,1
7ede03dede,4
7f01757d4c,0
7f0825a2f0,0
7f0bdb5e31,4
7f0e67d5ec,1
7f0ee9c30a,1
7f1d5f223c,1
7f2642a14a,4
7f2694ca3f,5
7f30236ca4,2
7f3e8a8526,1
7f5914b74a,3
7f5a72fa2c,1
7f826d312e,1
7f99abfc11,4
7f9f13c0d0,4
7fa6578978,2
7fadb8efe8,5
7faea04242,1
7fc1ce1cb4,3
7fd5baaee8,4
800daf6ac1,0
8023f35b58,5
802df9bb5e,2
80363d0458,4
804fcfaf4b,4
8063c65b57,5
80694aa70f,2
808cbefd71,3
809cb34e8d,2
809ce44053,4
80a458a2b6,4
8116fa64d4,3
811ebdcc4b,2
812c804456,3
8138c79081,3
813d6ad4ba,4
81491224d7,3
8164beeaf5,2
816c9d6d5d,1
8174aba668,0
81ab8c6bb7,2
81c1149163,5
81c77c1b6c,0
81d37cb5fd,3
81e9af5ee2,3
81fa3d59b8,4
8201005b79,3
820c4570b1,1
821e0217f0,1
822043d604,2
824152cf1c,4
8270908d6a,3
829ebfbb32,3
82a285227e,3
82adfbc0f1,4
82c316179b,1
82c340f4e5,3
82e88d973f,1
82f186d2ac,5
8320911258,2
8329ec9395,1
8343ad9ed8,2
834861f1b6,1
83558aa4b8,4
83645a3b6f,2
8367b54eac,4
836eedd4a7,4
83967f4314,5
83bb4578eb,5
83be4b6836,4
83c0564224,3
8409fed45c,5
84242f42bc,3
8431a87cff,3
843447abe4,1
843e8ec44e,5
843f9892ef,4
8457263314,1
84723e7793,4
848c9d1a6a,0
849881c690,5
849ccdf3af,3
849f39dcbe,1
84af757738,0
84b5568c2a,3
84bd944c62,0
84e23dba29,2
84e305da04,5
84e540208f,5
84eb2c400b,2
851498c095,1
851a37ac37,3
852873eb7b,5
853e89d0d3,3
8555cb627a,5
855f399924,3
85670a7093,0
857e511397,4
857f570585,1
858f01d368,1
859f623d32,4
85bca2aade,4
85c191c52c,1
85cf79a2cb,0
85e6b4cb1c,2
85fe62d2d6,1
8612ca9286,1
8620f40403,0
86365721e2,3
8650153427,4
86866ba71d,3
8686b3a5d4,5
868e7a70ae,3
8693030eb3,4
869f99406d,0
86a772adb1,5
86abf1c96d,1
86bc03a8a6,4
86c1109730,4
86c675c4fb,0
86f2fd7025,3
86f892ad2f,4
86fe531971,1
870be46a42,3
8718d851c6,3
871be86f43,5
875b087f1c,3
875dda3975,4
876e6423e6,5
87725b728a,0
877d1a7ebe,4
877f9dd0a7,1
878566ab56,5
87986259f0,2
87af5ec058,5
87afd4b1ca,1
87c6bf0012,0
87cf2c6542,4
87d58438cc,3
8811181716,3
881407fa84,5
881bfee759,0
8824cdcbf0,4
884400b2e8,2
884cd7af00,5
885c2a90f5,0
886c96ffb8,0
886dc2e534,1
88839f49f9,5
88a4200cec,2
88a5c49514,1
89097ab99b,2
89165071a4,2
8919be1266,2
891fa63295,4
89340d64ab,5
893bd55371,2
8945b8916d,3
894b5b40af,3
894b9ae774,3
894d0e63f5,4
89562d9f7d,2
8978bc57b7,3
89a74723fd,1
89ad7a93d6,0
89af21b6ee,1
89ba98210c,1
89dba191b1,5
89dc091930,3
89dfb7ba1d,2
89e7c93d0c,0
8a02b4a1b7,1
8a1aed2c83,2
8a29fd2ebe,2
8a2dc90df5,0
8a4671cb47,1
8a55cca47a,1
8a58fe70f8,0
8ab2399b4a,5
8ad8b9b163,5
8adaa82868,4
8ae916bb5c,2
8b01d00cb0,3
8b0478ed02,0
8b09c914be,5
8b0d0b0633,1
8b0d16466b,1
8b11113861,3
8b4189c2a4,4
8b44342fd9,0
8b5232fcfa,2
8b5757d8ee,0
8b5d38c547,0
8bb7245636,4
8bc707feee,4
8bf499cb0c,2
8c1d0929a2,3
8c1db0fc39,0
8c232a1cf8,1
8c38199b15,2
8c477d6abf,4
8c4ac14f53,5
8c88cf3d22,4
8c8c2012e7,3
8c916f9cb5,3
8c976149d0,5
8c99d8c85f,0
8c9a0ea088,1
8c9b19f267,5
8ca104baef,5
8ca267be2b,0
8cb6f8581b,0
8cbefc189e,5
8ce1df1a6a,1
8ce5996371,1
8cf3a6a6f5,0
8d08955cdf,1
8d141a0b7a,3
8d28e714e3,0
8d2e68312e,0
8d3ee9356b,5
8d4ba8fd28,1
8d70a676cd,1
8d73c4f678,3
8d839a365b,0
8d89d465fc,0
8d9314a9f4,3
8d9b8d724a,4
8daa7e48d1,0
8daf098aa9,5
8db0a68a4c,0
8db5bf9be2,2
8db9dc4a62,3
8dc946b34d,3
8ddaea54ce,4
8e13060816,4
8e280f2c87,4
8e2e3afdb5,1
8e3228d793,5
8e48de3b3b,3
8e7324c8ed,0
8e84b940e3,1
8e93b66386,4
8e9f2b9b61,1
8ebceef687,3
8ec207d7df,3
8ee20f502e,5
8ef76ed16e,5
8f07ef8585,2
8f08f4e9f2,2
8f16b2685d,1
8f1d6045fb,5
8f1fbec1e6,5
8f2087a1f5,1
8f39d964c3,3
8f407b64ae,2
8f5af7f42a,1
8f7b7b9980,5
8fb68e99e8,0
8fd4178b11,4
90194208b9,1
902d01b7dd,3
903180c447,5
9031ddc924,5
903206854b,2
904f3fc07a,3
9053aa6508,5
9067effd34,3
90704ffe69,4
90720e8172,2
90791c2417,2
9086ac3a68,0
9090f8f97b,3
90946392e6,3
90990cd2ba,1
90a57bacf0,1
90b14e3f04,3
90b1a59d1b,5
90b1ba3bb5,0
90bf0125af,1
90c62cd13b,1
90d2cdb32d,5
90f37a2a28,0
91127f8cc2,5
911efbb175,2
911f05128d,2
9126bbe228,1
9128b824e5,3
912b573a9e,5
9146f2afd1,1
916aff36ae,0
917ef84e64,1
91823ecb1f,2
918548e472,0
919157e393,0
919bc0e2ba,4
91a0ac314c,3
91b91fd79b,2
91bb8b5dbb,5
91bfe61493,5
91c003779c,2
91dfba8133,1
91ea3f1227,4
92107f9559,4
921b60e76d,0
923249032c,0
923473085f,1
9258e48804,5
9260b4f758,5
9267f6cf9c,0
92895cb54f,0
92a20ccbe2,4
92a6b22052,5
92c25915f1,3
92c91d1494,5
92cc29d923,0
92d116836e,2
92d9025a37,2
92e617896e,0
930183efe5,5
930a21d485,3
930c8dd0e4,4
930cbb8ccb,4
930dcd571a,3
93196366e1,2
932529c83d,0
9347c39706,0
934cd14205,5
9358b1fa7a,5
935cba59ad,1
937ea43a65,1
9382a047a8,0
9385125b12,2
938d11586e,1
939232310f,3
939879034e,2
939c88a964,3
93a0cb5111,3
93a1541218,1
93a8901635,5
93b51f6335,0
93b8ec180f,1
93c7358e41,0
93d21b7636,0
93f7759d52,3
93f8f9e663,4
941d0865da,2
942d3bfbf3,4
9447159eb7,1
944b46458e,5
94551e800f,4
9458b40464,0
9466e21e0d,0
9472731dfd,0
948d73d7c2,2
9492db510d,4
9494906f54,4
94b3a9ed9c,2
94b4f44698,4
94c2d96e56,3
94c8aad517,4
94c94ee7b6,5
94e7558e32,4
9511856b03,0
9522339a9a,2
9539d280a6,3
954502fb12,3
956c91fe94,2
958a3dd464,4
95a60e2f42,0
95a87f8ad9,1
95af8ca744,3
95bdc8b506,5
95d3841a53,3
95f6e2b2d1,5
96049af037,2
960f92cf81,5
961b1310e9,0
96216dae3b,4
962348be7a,1
963189b39c,5
963210b127,1
964030c032,1
964be849b0,5
96523f824a,3
9667824566,5
966fb0cdbb,4
9678fb935e,3
967d30a3fd,4
96857148ca,0
9693c84080,2
9694a662dc,3
96998d1ad9,2
96aeb8d018,1
96cc5caec0,0
96d1d6138a,0
96d917e53d,1
96f26f6397,4
96f8fd0d4b,2
9704b1ba61,3
9718102ef6,1
971c96134a,3
9722dedee7,0
9736389261,4
9737133eff,0
973a4f6dad,5
9747413253,4
974f5b6876,4
97515a958d,5
976eb05465,1
976fcded4d,1
977f897477,3
9790f7880b,0
97970b5e2c,3
97a10a3ba0,2
97a653e83c,2
97adf32d4d,4
97b058f254,4
97bd8b22b1,5
97e2c6b5c5,3
97e78a5448,1
980570ed7e,2
9819277faa,2
981f73e811,2
9842f69f8d,5
9874f75819,5
98870eab9e,1
9895f188e8,5
9898ce93d6,5
989ac5a9de,1
98b1f3fb9c,4
98c6496076,3
98f91cd1b8,0
9917602913,2
992572448c,0
99405de5c5,4
994af8ec2a,0
99817a653e,5
99909324ed,0
999ae650f6,1
999cb0ea3b,4
99aefa9443,1
99b602dde4,3
99bc5efa33,4
99bf605daa,1
99c726d528,4
99d3fbf9f1,0
99d7f0c538,5
99ee31b5bc,1
99f52af0ea,4
9a1fbef3e3,5
9a3abd0ba6,4
9a478d8cf2,3
9a48617407,2
9a4864ff06,5
9a4b15919d,4
9a4db0d7aa,4
9a4f625408,1
9a672bfb51,5
9a6c280d8d,4
9a6cf411ff,5
9a71e8563b,5
9a91290888,4
9a9ff1beca,4
9aa65d393a,1
9ad32f3c66,4
9ade7d33f2,5
9ae45b19d3,3
9b09626522,4
9b1f59b89c,0
9b29ca561d,2
9b31db4e58,3
9b3d4b0379,3
9b450671aa,5
9b4aa94aed,2
9b585a2ea0,3
9b5bed5c6f,0
9b656c339a,2
9b80cf8992,4
9b9c107a62,1
9ba564058f,4
9bbb4c7c34,4
9bc9c403e0,3
9bd58061d6,0
9bdfa54912,4
9befc65890,3
9bf022776e,5
9bf8a38b92,3
9bf8f84094,1
9bf982cf65,1
9c08332067,5
9c298b9575,0
9c30bb0a5f,3
9c3383eb85,1
9c4468a160,5
9c4c524983,3
9c5c26e2ba,4
9c6f8e4676,1
9ca11c3696,1
9ca1ebe351,1
9ca520f895,5
9ca84742ef,2
9cb42834b3,0
9cbd5ddba4,5
9ccf50ab0e,4
9ccf9ff1c3,1
9ce55dc2c9,4
9cf8fe7f96,2
9d12bb050d,2
9d173ec22a,2
9d23bc70b8,5
9d354bc9e7,4
9d462381b0,0
9d5d4bf0f1,0
9d7165c9c0,1
9d98768f19,0
9daa6c133f,1
9db11d4414,2
9dc604318f,1
9dcb043fa9,4
9dde6475f9,0
9e426ec524,0
9e64fc57aa,2
9e7d89d4c0,3
9e8e175c01,3
9e966d733c,2
9e9ce2e1ce,5
9e9f3940a9,3
9ea0525027,1
9eaf536a63,3
9eb4a10b98,3
9ecc1f5457,1
9efedb3b86,2
9f07d6a050,3
9f0c9f3b90,3
9f0ebbd210,1
9f224c71b1,2
9f2e5a8c24,1
9f3b8d0186,0
9f4001d8ea,5
9f4471dcd6,4
9f459445b6,5
9f54d7807c,0
9f7e064e9f,1
9f96821d81,4
9f97b2925e,4
9fabca6b17,4
9fac28f3df,4
9fbd3ca3b5,5
9fd1beec08,4
9fdb6afc56,4
9fe6cf976f,2
9fe707f837,0
9ff59d834b,1
9fff0319cd,3
a00d2b180c,3
a0219e8fa4,2
a038a2d781,4
a042e73fee,5
a05ae39815,3
a05da102a2,2
a0729c7a02,4
a076699b79,2
a07c1fd090,4
a07f9159e0,4
a0b1d96545,3
a0c156a4c9,5
a0ea88f6a5,0
a0f050600e,3
a10b932fb3,0
a112a63d2d,1
a12cbb17e5,5
a12d2c10a9,4
a141ed0c99,3
a149b73993,0
a14d2ea3b1,0
a1526d3c6e,2
a1585a58b8,0
a15b73d4bb,1
a15eff2958,0
a163126d96,0
a18073f2a2,5
a19163fc11,2
a19dbb48cd,5
a1b5786252,0
a1dae195e7,4
a1e32a6815,2
a1e3e1af04,4
a1fe3de7bb,0
a21ae8cb6b,1
a21afccc50,3
a239bfe21a,2
a24080b4a0,2
a245c6d001,0
a2530b4c45,3
a266a2a9df,4
a27e64c2f7,2
a291ef5d83,2
a2a012f128,0
a2a9c0c00a,4
a2b7af2907,3
a2bce9d94a,0
a2da67afff,1
a3079aded1,4
a317a82463,4
a31e485287,2
a32a4a2256,3
a32b0d0cd7,4
a33e7de189,5
a33ef5ed68,5
a33fe0952a,1
a35792b156,5
a35ba23a41,3
a3605816c1,3
a37249665e,5
a39388bd3f,2
a3ad1422f5,1
a3bea8f266,3
a3de137406,3
a3e0a0c779,3
a3e89a273d,2
a3ff13b1e1,1
a41357f553,4
a43ca2ef73,3
a4442fef48,1
a446aa0ac8,3
a48b9989ac,1
a4932322ce,5
a49edf33ae,5
a4a2921863,4
a4ae0c0e35,4
a4c734f1a8,0
a4d621da2d,0
a4e5b9902b,5
a4e8ba21d1,5
a4e90eef39,3
a4fb7072d6,0
a5005ea567,5
a50ac7d1e2,2
a5299290bb,3
a52d7a6cd8,4
a531b78648,5
a536f382ec,1
a5375b180b,0
a5471f53d8,3
a54d582262,3
a554d2d4a3,0
a562619124,3
a568cc8273,3
a56e87840f,5
a56ff4758a,3
a5805697c1,1
a5833d6cc4,3
a58d3b12bc,0
a59385755d,4
a5c4007b7b,2
a5c6cde207,3
a5ccb4f8d9,1
a5d188bbd7,2
a5d2da8488,3
a5eedd418a,4
a60daba969,1
a633b127fc,0
a653a50dc4,4
a659530342,3
a65aa82e0a,1
a6625b8937,2
a667ba911e,0
a66c03c236,1
a685e6f87e,1
a69586db4e,1
a6a3383416,2
a6ba9b9f91,5
a6c2605919,2
a6ec5aa914,3
a6f4e0f8b5,2
a7000441e9,4
a701844e9a,4
a708e52d7c,1
a70b2204f0,4
a71bdf1af7,0
a7254b3aa6,3
a72f220de9,5
a774562f5e,0
a783bd82c5,0
a78e36d77b,2
a7a124fff5,4
a7a87180a3,4
a7b1f4bae1,2
a7b918d80e,2
a7bc02b7d4,3
a7cfa30d35,0
a7f4b8d36e,4
a7f7a964f5,5
a7fa6dd049,0
a803fc87d1,0
a8247ac73a,2
a826a7a9a4,3
a826e5e6e5,1
a849a4e373,4
a8503e0dc8,3
a854446118,4
a86acaf330,4
a87eb66a65,1
a88dd59036,4
a898892737,2
a89d1999ec,5
a89fc2586a,4
a8aeef5395,3
a8be31a3c1,1
a8bfe7072c,0
a8d50a4a97,2
a8e4e6ddec,3
a8e5845bf9,3
a8ebba8c1e,0
a8ef242dfd,3
a90545f377,4
a91212b01e,2
a913c2fc19,0
a91bd88bc1,1
a92f49d2d9,0
a93c251217,3
a94450f57e,5
a959b2372a,3
a962f4c9b6,5
a970e82aac,2
a988661613,5
a98ab1c549,3
a98d950667,0
a9a9fb1747,4
a9ab1afe01,3
a9b7fa7e0d,4
a9df598e16,4
a9e940dccd,2
a9ebb78977,5
a9ee40cf0d,0
a9fd8e2a06,1
aa1c0ba47b,5
aa1cd9fb71,2
aa1d903842,3
aa21ba676c,5
aa36cc5b96,4
aa56279e8f,0
aa791ce59a,0
aa94cfb806,0
aa97ecda8e,2
aa9eb3a110,2
aabb4516d1,0
aac747667e,1
aae8971d6e,5
ab18a0a7fa,4
ab5fe4fea8,5
ab6dfe07be,2
ab72556c51,4
ab767aef7f,5
ab7d09443f,1
ab82b9e44e,5
aba57f0f2c,3
abb1521de8,0
abbfb56731,2
abcc448c24,1
abd1e3e008,0
abd889c82f,0
abe36055e8,4
abe74273c8,2
abed119094,4
abfed46705,4
ac03463615,0
ac1ea6faa4,4
ac412e6d55,3
ac460261f4,0
ac5f676fa3,3
ac6055e7ce,1
ac6289352d,3
ac64f9de3c,1
ac7df612ff,0
ac90c088ee,4
ac931ace49,5
acb95dd7c9,2
accb644c9e,2
ace37eaaf9,3
ad0e66eabf,0
ad16edc8be,0
ad1e8ef844,2
ad2113ea1c,5
ad297bfd03,0
ad29bc8923,0
ad2fa649f7,1
ad3c6dd8d4,5
ad49962b22,5
ad5454050e,0
ad6e3961d4,4
ad6fe18943,5
ad76d4cd21,5
ad93d35798,2
ade746d346,0
adf2a57778,5
ae11c7b131,2
ae2ef70d51,1
ae51614513,1
ae61c09508,5
ae6b6df24d,0
ae6ea6e613,4
ae96972c1a,1
aeb36c1964,5
aeba5383e4,0
aebff18bf9,0
aedad85e8c,3
aede306d15,2
aeebdd4350,1
af0e101aae,2
af171a3570,2
af296d1c0a,5
af6fe9a9c8,4
af71ca4ab3,0
af7e9d7648,4
af84304233,3
afd0b385f2,4
aff87f7ba7,2
aff8ae9d4d,0
b012e9ebb0,4
b014624db2,4
b04c03e3d4,4
b052410a6a,4
b06fe13f54,4
b07d4da735,0
b07fc3b87c,3
b095375d19,2
b097a1f9e0,1
b09f0e743d,3
b0a18e86c7,4
b0a2fe2a63,2
b0a7056a04,1
b0d8f26ad8,0
b0e479668d,4
b10fa280bf,0
b11110b854,0
b112d9993c,5
b12a5a2b61,5
b13f0dbc84,1
b15313d4e8,5
b172bd2032,3
b183b2ddc4,4
b194549062,4
b1ac5ed0b3,2
b1be1fa682,1
b1dc23a427,4
b1e590d1c9,0
b1f0e104f5,5
b202b6b3d4,5
b221ece24b,5
b240582de8,2
b240778420,5
b24d3673e1,3
b28690f7ad,4
b2899a1188,4
b28aeb78e0,5
b2958f2747,0
b2b0cd95a4,1
b2c6b8cf57,1
b2d02516e1,4
b2d7897c35,2
b2f87059da,3
b2fbaf80d5,0
b329b390e4,1
b33771a471,2
b3396387a6,0
b33b1f9db6,5
b33d57c4be,5
b33e244157,0
b342a4959d,5
b345b1f290,0
b354751edd,0
b355ed119c,0
b35b1b412b,3
b393a57640,0
b39fe87a25,2
b3ad13d9e9,3
b3b37c152d,3
b3f6affa39,1
b40457631c,0
b40844d201,2
b42ffc97d4,0
b448f0fae6,5
b45ad3932e,3
b45f9383e9,0
b461a5b584,4
b4b225aaa8,1
b4e23ae450,4
b4e61836df,4
b4e8386ff1,2
b4f6d6f1aa,1
b506085af9,2
b51c130238,3
b51eed936a,4
b521c9ddf3,4
b525824dfc,1
b540435ae7,1
b5448cb40a,3
b552fb0d9d,2
b57e98a275,2
b5850af687,3
b5893fc541,5
b5a47c646f,5
b5b767492b,5
b5bdff9392,0
b5e1371b3b,3
b60fbb288b,0
b637a7621a,0
b63b23fdc9,2
b6520147bb,3
b6604d4bd6,1
b67c735ff6,5
b6804bfa43,1
b690abdc09,2
b6aa5c7ab4,5
b6bbd06618,5
b6bca345bb,5
b6bd6424eb,3
b6c52b4a53,3
b6e57d954e,0
b6ebc3831e,5
b6f907680a,5
b70f0ab0c2,0
b71915a0fe,0
b749a000ea,5
b74ecdfe20,4
b76760a4a1,2
b76b065012,4
b77cc54800,0
b7b83447c4,5
b7c1e2a377,4
b7c462dd1c,4
b7dc0d87fd,1
b7ec14f5e4,5
b80db32c01,5
b8236d92ff,5
b833fdb882,0
b839f805f9,0
b83bc9dfa7,5
b85046c5c1,0
b852505678,2
b8525600cf,3
b858ccf692,5
b890b261a0,3
b8a9602e21,5
b8b3f26ad4,5
b8c3ca0fab,2
b8dea42e1a,3
b8ee1d8dbd,3
b8f76a8e5f,1
b8f92fbe45,2
b911d46acb,5
b91a91adc5,5
b92b11b3a4,3
b92ff69b44,2
b937f4558c,3
b93d143e4b,3
b942b38a45,3
b94a5b0bda,3
b9614348f4,0
b964244dfd,1
b966734278,2
b96ef7e302,5
b97918ac08,0
b981d35c43,3
b9a7c521ac,1
b9afd7b728,5
b9bb1b7b3f,4
b9bf0422a6,1
b9c2f9550a,3
b9ebcbc115,3
b9f3886670,5
b9fb7882a0,0
b9fcc34ef3,3
b9fd9429e3,3
b9fe322e38,0
ba045610d1,0
ba1287cb48,4
ba1ae7a6c7,4
ba2a5fbf4c,0
ba4781de48,2
ba67135a54,3
ba6970504c,5
ba705c8398,3
ba836c5ae1,4
baa743f4b4,0
baac3469ae,3
bab30e51b8,5
babbac4cf9,1
badb3ea766,5
badc44bb99,0
bb1743a571,1
bb1e7f303f,3
bb2160921c,3
bb455284f1,4
bb63bcb48a,4
bb6683a533,5
bb697642ae,2
bb8c452bb6,5
bb9ad7c38d,5
bb9af788f8,3
bbb5279a06,4
bbb762835a,0
bbf6b192be,1
bbf8c7968a,3
bbfb2201ce,2
bc3156b1e4,3
bc3f2b82ec,1
bc5382bc71,4
bc5ee94de7,1
bc79fe1a3a,5
bc7e49ee18,0
bc811e2c1f,0
bcae7b57ec,5
bcbe3c0ee2,0
bcd1e64c58,5
bce104494c,3
bce4cdea7f,0
bcf322c1c0,5
bd20d18369,4
bd2a0b256c,0
bd4f797d33,2
bd51537256,4
bd526ca9af,2
bd7b74689d,4
bdb45f92c7,3
bdb9ba462f,4
be18a24c49,1
be1c8cbf1f,4
be1f425eac,5
be2dd1db16,2
be4db8ff8a,1
be565e046b,2
be6cf5cf86,3
be7014887d,2
be90ab3e56,2
be9ce6a9d7,0
bea9b0571b,0
bebae78c6a,5
bebf415bd1,0
bec8f132d0,2
bedb558d15,3
befdfcbe5b,3
bf00a0ab71,2
bf05a52a6b,4
bf294b9661,5
bf71bff284,0
bf72590547,5
bf73cacab5,5
bf76c8aff3,0
bfa7ee102e,3
bfac8e63cb,2
bfb0e22b53,4
bfbb9b9149,0
bfbea83faa,5
bfc47bbe13,0
bfcd0fb5ac,3
bfd1d7caa1,5
c00c4b8814,0
c02071548b,1
c023a62b96,1
c026a17632,2
c038f6fbe4,1
c0565001a3,3
c06ce71f9a,1
c073b8930c,5
c092a99d23,4
c09f4e95e8,2
c0a37fef54,2
c0aa0c7b66,2
c0b6fafc47,2
c0cbdabcc3,1
c0ef23e386,0
c0fe58323e,0
c0ffa90c4a,3
c100d07aa9,5
c10ff1398a,2
c112748161,5
c1190c9c37,2
c137712b61,2
c1431cfade,1
c1503fb0ec,2
c156fd6d44,2
c1c54ad4ba,0
c1c5602088,2
c1c6a1ebad,1
c1ed7e8344,3
c1f92fd149,3
c20069b110,1
c202c25557,0
c20c019650,1
c23090da64,5
c230cf2a94,4
c2395da60e,1
c23d957c59,3
c2485cb6c3,4
c256f6e713,5
c26d515fdb,4
c26ff00bfd,3
c27409a765,1
c2973c16f1,3
c29c36a1e8,4
c2ca0ed857,4
c2e9f328e3,3
c307912941,1
c313a1ad7d,2
c32752c00f,4
c33df3d7ad,2
c33e3a20a4,4
c33faa5d81,3
c352f6069b,5
c353af5098,5
c356f76804,4
c3589905df,2
c37e74bffc,3
c37f7c51e9,2
c385af3da9,2
c387a012fc,3
c38e2a42e3,1
c39f317ad0,2
c3a963f5e3,0
c42abd17f3,5
c42d63b0e6,2
c43b8533c4,2
c450f9d7f4,5
c45c9617bf,0
c47c5ea1c3,3
c4911615e1,0
c4a681819d,2
c4adb6e891,5
c4b05c2eaa,0
c4b4099179,1
c4ed7cdb1c,1
c4ee594685,4
c4f2799234,5
c4f5a0fa36,1
c50ba562ef,4
c5327d784b,4
c5493cc7b0,5
c56524ded9,0
c571804a93,4
c5745e04ff,5
c576ef893a,0
c58124fdc4,4
c58b6277c7,2
c593c662f1,1
c59e5f46c0,1
c5a9c13a77,3
c5c4479af6,5
c5caa57f2f,3
c60eaa0c75,4
c613a090a4,0
c61e0f2507,3
c6612326fa,3
c6648ea2ca,5
c66a8f70e4,0
c66a9ea31d,2
c673bebe29,4
c67832ba86,3
c68ee0308f,2
c69962cd9d,5
c70153909b,1
c701db91e2,4
c70619fb09,3
c72b546073,5
c72c5ee731,0
c7408f1d38,4
c749d05181,4
c74ef130f0,5
c756ff4e1f,3
c78996aa02,4
c78c89577c,0
c79d52ffc3,3
c7a92a6707,1
c7ab9848b9,3
c7c3a8a806,4
c7f54785b8,2
c80f09bee6,1
c824b8afaa,2
c82ae5f941,2
c82dabf9b1,2
c82f7676ac,0
c83d9529bd,2
c8404c2d4f,2
c89eda8701,4
c8adc706f5,3
c8bd99cbb0,3
c8ce151a18,0
c8d70d9c3d,4
c901f669f8,1
c9142b341c,5
c920246511,0
c92c37ecd7,5
c93d0ecd1d,1
c95d3f1510,5
c9695bff51,2
c98504a8ab,4
c98dfd50ba,5
c9a1fd48f6,4
c9a2990f76,4
c9c0097eff,4
c9da9c3d42,1
c9f7f4020f,5
c9ff0d072b,1
c9ffc53f25,1
ca0d3ea2f5,5
ca2e414e83,0
ca393f0eaf,0
ca511bc319,4
ca58996278,5
ca6bdbc405,2
ca78405cea,4
ca82310ee1,5
ca84b9e8d4,3
caa039b231,4
cab2f6614c,5
cabe5c94b2,2
caccd6708f,2
cadb46b378,2
cadfbf8011,3
cae1a9f23f,1
cae4ec68c0,4
cafb1294ae,2
cb0d3e8399,5
cb2698f715,2
cb2acfd639,2
cb2c20898a,1
cb36193e2f,1
cb4f7abe67,5
cb677fab7a,3
cb68c2431a,0
cb6c6c15ce,1
cb7cd324a5,3
cb974e60ca,0
cb9d520cf9,5
cba568b15f,0
cbad345488,3
cbbf379ef8,0
cbd42ee63f,3
cbe33c57c4,3
cbeab7807d,5
cbed0283ff,3
cc15d94784,5
cc216a861c,2
cc2da77c17,1
cc4344175e,2
cc6abe337d,4
cc70a60681,1
cc876896b5,0
cc97e87765,5
ccc41663c6,3
ccd6841e90,1
ccdd1c542f,0
cced2adf43,3
ccfb270edb,0
cd1b2e49f4,3
cd2046479c,1
cd249859fa,5
cd292b7c8d,5
cd5c9532e4,3
cd5cd074f1,5
cd6140444f,4
cd6320c6eb,2
cd69ee839f,3
cd6ed7690d,1
cdc7d77e77,0
cddb50fb4b,4
cde14bb8d2,4
cdf9422054,4
ce06c157c1,5
ce0e9def63,4
ce14d335bf,2
ce15cc1d1a,1
ce16b0d0bc,4
ce1f9711bc,0
ce31ab9b97,2
ce3e6bba2e,5
ce9c3510a8,2
ceb69201df,2
ceca04aa2a,2
ced8d25446,5
ceeaafc4fc,4
ceef85bdc0,5
cef03959d8,0
cef624f327,3
cf11876547,2
cf1ffe14e0,0
cf241124b1,4
cf706fb35a,3
cf7abfc8bb,0
cfb8e5c36e,1
cfcffeda9e,3
cfdc385955,3
cfe4dd9f7e,2
cff87534c4,0
cffbfab33b,5
d00d1ea52b,3
d0244d6c38,5
d0319f0ec5,1
d059fcb2fd,0
d06f237a79,1
d0aeb260e8,4
d0bbe4fd97,2
d0cba16846,4
d0cd29a61b,5
d0d908374e,1
d0e720b57b,1
d0e8c9833f,0
d0eb51a04f,0
d12d5894b8,1
d145884178,3
d14ad5cb55,2
d14db20055,3
d16591547d,0
d1665744c3,5
d175b3b3cc,5
d17eee846e,0
d17f801011,3
d1857e0577,0
d18a64f984,5
d19827b32b,1
d1c9be7e25,3
d1f7d2876b,2
d1f8ba2f02,3
d204ea9f09,3
d21012f5c1,2
d21e3d7843,4
d2522cfc93,0
d25a2d736a,0
d268ae57b5,4
d26e890704,0
d274664a41,1
d27831fef2,4
d289692ab8,0
d2aa4238f7,1
d2b40a2781,5
d2b77b255b,0
d2bd2fe97f,4
d2c800e9f5,1
d2e14828d5,5
d2e44953e6,0
d2ea97ca4e,1
d2f131dba8,3
d3034e7a60,5
d308ec69d3,3
d30ad7d936,5
d30e73de0c,4
d31c506913,5
d31e3fbfdc,2
d353a74b66,3
d35af24206,5
d369e6b550,5
d390b1cbef,4
d3b6c08868,2
d3be640ed4,2
d3c3988e54,1
d3c8980685,4
d3c9529867,2
d3d19422ca,1
d3f2336daf,5
d3f3db7bd1,2
d3fdfb9e8f,2
d4033ae7f2,1
d422a9eb8f,1
d433300064,5
d453812357,3
d45b4f3b85,3
d465b396f2,1
d468d401ab,2
d46c133c20,3
d47c78058a,0
d49a9c4664,2
d4acb30303,3
d4d2ed6bd2,3
d4d34af4f7,2
d4d964f62d,5
d4e9588d7c,3
d5023a3662,5
d514a30db3,0
d531fa41aa,0
d538594e14,2
d553c91194,4
d56050d3ab,1
d567ba2b49,1
d583d291ea,5
d58653f803,2
d5a283c553,2
d5afcea9a2,5
d606f4a578,2
d61250af0c,3
d61e5c8296,4
d629a56d3c,3
d62ad254c6,3
d6379c1f18,3
d6437d0c25,3
d6471dc0a3,2
d65973824b,0
d66bb0c151,2
d66e51d456,2
d67dd7da95,0
d67e3a11d8,3
d68c08baec,4
d69556b746,2
d6987190ea,5
d69c382be5,5
d6b87a521f,2
d6cba9f9de,2
d6e2bb1586,4
d70a2f1f23,0
d7196745e5,2
d71ca6d32c,1
d71e91efc0,3
d7215eb198,1
d73189228f,0
d7398cfded,3
d73e3ccdec,5
d7506a6a38,5
d752eaa82a,2
d765e53b37,2
d768234bb5,5
d7a53f942a,2
d7cf3bf4e9,4
d7e6e1323a,2
d7e93ff9c2,3
d7f48d294e,3
d7f7a9f48a,4
d800abe6a4,5
d80ead8703,1
d82b80a555,0
d83a74a082,4
d84e52cb6e,2
d859ee2145,3
d885813aa8,1
d8aebd0f86,3
d8b1bbbfdf,5
d8b2dc2e8a,2
d8bed49320,3
d8f80479ac,3
d8fca64ebf,0
d9044ee3c6,5
d90473fc86,4
d916ac7864,5
d93d713c55,4
d944700bae,2
d9457c3b1c,5
d967181724,3
d96af7c9cc,1
d97f94a2dd,2
d991b7a689,3
d99612d949,5
d998a07370,3
d9a52dc263,2
d9cf4a6e42,2
d9d06aa699,1
d9d7716b7a,3
d9e45a7fab,3
d9fb5b47e2,4
da02c9184d,5
da082ec985,1
da0f021c5b,2
da5ab3d506,1
da689f1bca,3
da84ed2423,0
da94055b53,4
dab1d67df7,0
dae1555fbf,1
dae96d99b2,5
db0238e5c7,3
db02a30bb8,2
db0bc63d60,3
db1aa8e608,3
db1eeaebb4,2
db32e0961b,3
db548fd037,1
db5bf853fc,4
db75c6831e,3
db819c45e5,2
db840e1e22,0
db9bb00470,4
dbb4b51e4a,5
dbcfdf17a3,1
dc0119712d,3
dc05ed2596,2
dc4a1c9a30,4
dc4bf302e8,5
dc534f1e28,5
dc710565e6,3
dc7c506beb,5
dca3f5ce34,4
dca83468d2,0
dcb1eee6e3,5
dcbb6474ee,1
dcca025cc6,0
dcca0c8297,3
dccd2d9d48,3
dccf379405,3
dce4c70a99,0
dce6361f2a,1
dd11ae96e3,4
dd580d1681,5
dd5a90cf89,5
dd6a04d456,3
dd81358234,2
dd87f1a21f,0
dd9a94a797,4
ddcb1ad560,1
ddcb457a07,0
ddd0be8fd5,2
ddd3099877,3
dde0ee264b,3
de08c5a3b7,1
de091953f9,3
de1142326e,5
de15d35ebc,0
de261976e6,4
de39c2b892,2
de51e77a38,5
de5a329823,5
de7202d286,1
de7af15747,4
de95e861ac,1
dea0a56bab,0
deaa0ab2b8,3
debe560cfb,1
deec7bb4d9,5
def16cd3d7,2
df32c11fe8,3
df344e0599,3
df3a1c2d7b,1
df47f2e681,4
df56e7aaad,4
df5df272fb,2
df811b26b6,1
df8c73e52b,1
df8caa8bdf,3
df8d9625c0,5
dfa4d727b8,5
dfae9e48e8,4
dfc8a378b7,2
dfd3138198,2
dfe111dace,5
dfe230b677,5
e021227dbd,4
e02ae4f371,1
e030bdae65,2
e045664b46,1
e05db130be,5
e060d5ca41,2
e0751c41fd,3
e082398595,5
e099e54eee,1
e0b6a1211f,4
e0b778dacd,1
e0bde1cf11,5
e0c136dc8e,4
e0cfbbcb0c,3
e0d98e6fde,5
e0da89ce88,4
e0dade9896,1
e0f030eb66,0
e0fb508d51,4
e1009fa370,3
e101b9a0ec,1
e10a1a3e81,5
e11123ab8b,1
e1280ddc3c,1
e12aab98e6,3
e12cd094a6,2
e12cf83477,0
e1323691be,5
e172f09faa,0
e185ab5dc1,0
e1921d9a0d,2
e1984bebe3,5
e199174d64,0
e1bd09e50b,4
e1c6994595,0
e1cb177740,5
e1ce826217,3
e204511fd2,3
e2063ce131,1
e23a93a95e,0
e2421eee13,3
e24e9afdd1,1
e26c381bd4,0
e27400528c,4
e278cee272,4
e2810cc777,4
e2a70ffdf6,1
e2ba31c4a5,4
e2d3957c95,4
e2dd6ebd6b,1
e2e4fcf83e,2
e2f397d206,0
e3349e2125,1
e335542c17,1
e337021e6a,5
e340e7bfca,2
e34c1220b1,0
e353ae4dd5,1
e358121d19,1
e360f895de,5
e366f9d62b,1
e3755d5769,1
e37a3da5b2,5
e37b8208fa,2
e39ded223d,4
e39f959114,2
e3b1b48b5a,1
e3cded005d,4
e3e1afe993,4
e3e92cc747,5
e4159ed1de,0
e41a05735d,0
e437c3912d,4
e446b0b4b6,4
e44dcaeb74,1
e45c509f80,4
e476b868ef,3
e4be64c1fb,0
e4c8dc59fa,2
e4d2bf6036,2
e4d9d1178c,0
e51599adb5,0
e51bea30d0,2
e51e614146,0
e53c2e8771,2
e54c815e85,3
e560423302,3
e5a22d144d,4
e5a6b92463,0
e5a8368ee6,0
e5b47aa145,1
e5c26c8634,3
e5df7166bc,2
e61d42e6cf,4
e63196d890,5
e639615636,0
e642037975,0
e6674212ce,1
e667f4d290,1
e683e8ae69,1
e69330b40a,4
e6a78e36b5,0
e6ab700d15,2
e6ac2a35cd,2
e6caf5eb81,3
e6e3e58c43,5
e6f86c83e2,0
e73532b450,5
e73ed6e7f2,0
e7442307b1,2
e799fcac15,1
e7a5e5e55f,5
e7c54b5f4e,1
e7c55756c7,4
e7da2d7800,1
e7e9165d9b,3
e7ee2c6dce,3
e7f0e30585,4
e7f63a219f,0
e80ac14b0f,3
e813f3d1bf,4
e82162c83c,4
e82421363e,0
e82b7a2abb,5
e843caea8f,4
e86361f5d1,0
e865014246,0
e8757626a1,5
e875c9a960,3
e880e84886,3
e88b8de75c,2
e89272a29b,4
e8b730fe92,3
e8cf12563d,1
e8d6412ed8,3
e8d8b35601,4
e8e8b96a84,0
e8f3e42b14,0
e927f91b12,0
e929ca0e34,4
e92f67b3c7,5
e93ddc6ba7,2
e96a030ded,0
e98557c9f3,0
e9909298a9,5
e9ce8188b9,3
e9d39cddd7,1
e9f4d6f927,1
ea1270a8b2,2
ea1332b03d,0
ea1a6e1b33,3
ea2d80c951,3
ea2f1fa62f,0
ea2fe8434f,2
ea3cdbd7cd,3
ea54256d21,4
ea5dd02892,2
ea6f13458b,3
ea7425da00,2
ea9dfe6f60,5
eab589e1f2,4
eabe9337a9,1
eabed5b2b4,4
eac3fb300e,1
eac822921e,4
eaeb630ff4,5
eaefc56247,4
eb23ddad08,0
eb38db5443,2
eb3a40225e,0
eb4efc4c39,4
eb4fa16734,1
eb5e2a6b3a,1
eb84dfdf18,2
eb91416afe,4
eb958a5cc8,4
ebacf0e713,1
ebc46e6691,5
ebcd41b5f1,3
ebd623bfc6,1
ebdbbb52b5,5
ebdef67fa5,0
ebe64e1d15,4
ebe8198105,3
ebf89446f2,4
ebff5f719e,3
ec10996820,2
ec212b3d2d,2
ec2664c4cf,1
ec3130dd0b,0
ec406285e8,4
ec50263c20,5
ec542d0719,5
ec5afeae66,5
ec5db065d9,0
ec61b48efb,1
ec649a86b2,3
ec7522391d,1
ec817961a2,4
ec857f4518,2
ec88937127,5
ec9ba7900d,0
ecdd648857,3
ed081aa065,5
ed20d93bfd,1
ed24549a3f,1
ed2b73840d,5
ed46821aa5,3
ed52743a1b,2
ed60e1c64a,1
ed66549524,3
ed6f9dfa22,1
ed7251fc01,0
ed761ad8ef,4
edc9fb3512,1
edd5fc6648,3
ede36de5cc,3
ede9c03a6f,1
edea91429d,0
edf1e6ac00,0
edf47afe46,0
edfe5ae3ef,3
ee0be71990,3
ee3b4b8c91,5
ee48914076,0
ee5c6d6639,1
ee5e9e4570,1
ee7ff3b2fe,2
ee94d2281f,2
eead2fc101,2
eeb18519bc,1
eec3f628d6,4
eec46ec66b,1
eec5e72dad,0
eeca9d6a63,3
eed279a71a,3
eed6c66da4,1
eeecc7ab39,4
eeef52be31,2
ef03d3e2fa,0
ef060b82b1,4
ef13247eed,1
ef29bdffc6,5
ef406bff03,5
ef51bbcde7,2
ef58213c9b,3
ef6229f0db,0
ef654c1b73,1
ef753a06c7,3
efbfde4930,3
efc705478f,5
efd1625f2a,5
efe3043924,1
efe3e72587,0
efec1f093e,2
eff595dbcc,5
f0190fc4b4,5
f0228a88de,4
f057258486,5
f06ef6c8b7,0
f083e6692d,2
f0b5a05a6e,3
f0c401b64b,1
f0d15c63c5,2
f0dc7e30fc,4
f0e7e06354,3
f0e99e9761,1
f0ea2421f0,0
f0ec542987,2
f0efea3879,2
f1080b61e2,0
f115ca6981,4
f11f8eab00,5
f121c06f1f,1
f122ead5f2,2
f1395b9e13,3
f139be21a4,2
f170afca54,2
f1774ff8e8,5
f19b7d20bb,5
f1b1f57aee,4
f1cdcb9883,4
f1d488759e,2
f1e4acdd7b,5
f20521b7f5,2
f21593cfa8,0
f2259e86f4,0
f234066134,4
f2598805e6,2
f26e6cffd6,5
f288e998f5,1
f28b483859,1
f2c640742a,3
f2c869e655,0
f2d2fefde3,0
f2d668f7e7,2
f2e9faa785,5
f2f0278d02,1
f2f67e14a6,5
f2fcceee25,1
f2ffcf3de5,3
f30c36bf6b,2
f30e47cb36,5
f3220c3590,2
f328eccbf3,4
f3356c9ee4,5
f342603c76,0
f34ae8f3d4,1
f362d474b7,4
f37556e4da,4
f3ee165cd0,2
f3fb95295e,2
f3fd020f27,3
f409d55fee,4
f41a025b6c,0
f425a67987,5
f429b8e6f8,4
f42a7e65f2,1
f43f1e7456,0
f44f67efae,4
f454efbd20,4
f456e3161d,5
f45dbe6541,2
f4638e7428,2
f463f6b15b,2
f4784e4f1f,2
f4e6928ad4,1
f4ed280779,3
f4f0fd932e,1
f4feed1635,4
f503aaf699,0
f507d4f122,1
f52c144f24,2
f566a7cbc6,4
f57cb32d6d,1
f57e741b5b,4
f59821d067,0
f599fad413,0
f5a0acc480,5
f5a92d1356,0
f5b2861c9b,5
f5c25276d2,4
f5c2e66754,2
f5d1176e33,2
f5e72111d0,2
f5ffe74512,4
f6009f764c,1
f62410bce9,0
f625984494,3
f641699848,2
f64190c47e,2
f646560aa9,1
f6576d4cbe,4
f65a52f375,3
f6a89b6f89,3
f6c49acac0,0
f6c784904d,2
f6e87c1458,2
f70f3b7b95,3
f712d8b870,1
f724f78b1a,4
f7380099f6,0
f75842e215,2
f76c6bc5d0,3
f78361aa48,4
f78674d646,4
f7933b266c,1
f7b1bd7c8a,3
f7c147ac61,2
f7d4d6fb0d,1
f7dc2b2c9a,1
f7e555a0aa,4
f7e8060b57,3
f7e855fc40,5
f7ff576dc4,2
f807851f5a,4
f839d20b06,2
f841c6dee7,4
f85054273a,2
f85a85710a,1
f870e41e88,4
f87154ea7b,1
f87365827d,4
f8921580bb,5
f8b721f632,2
f8ba90c991,5
f8ca1f5c5a,2
f8e67987c6,3
f8f7ed86fc,1
f950879320,1
f959f79b64,2
f9629f4e29,2
f9645c1acf,4
f992390442,1
f9a3d103d7,5
f9b7196dfc,3
f9d03271d6,2
f9d8f014c2,0
f9ef613aec,0
f9fc7746fb,3
fa01eb7fdf,5
fa08ffa6fb,0
fa25724a62,2
fa2ebd1083,5
fa3e7cb3f5,1
fa50e86a72,4
fa56377e58,5
fa59461848,4
fa70e3da06,0
fa752c35ca,0
fa92bed2b1,5
fa9ad1caeb,1
fa9b3f2aa9,2
fa9da6a455,3
fad11bf2fa,2
fadd6aa446,4
fadd701a33,4
fb14beb69f,0
fb17f161d1,2
fb1b82dde6,5
fb1e8578cf,1
fb3392fee0,1
fb44090bc7,3
fb47e8e74e,0
fb58510ec6,4
fb5adc8df0,3
fb81781b44,5
fb903c3b68,3
fb9b58527c,1
fba32825cd,2
fba91bfec8,3
fbb8eba26d,2
fbc98aedc0,2
fbc9a1149e,3
fbcd92f03f,5
fbd61072f4,0
fbf380831b,1
fbf5c91d9e,5
fbf64b5ea0,3
fbf73cb975,0
fbfa863bd4,3
fc13dabcbb,0
fc1ca2fbc8,3
fc250f574c,1
fc4c223773,3
fc6e9d0385,1
fc87224914,0
fc8f0668fb,5
fc944f4e1f,2
fcb49356a5,5
fcbc5cef9d,0
fcce81906d,1
fccf774196,0
fcdf2756aa,5
fcf5137a10,1
fcf61d1883,5
fd0d237b01,0
fd1be18f7d,5
fd257af5d2,5
fd423b9cbf,0
fd4741392b,2
fd51e63c83,1
fd5c3c20d6,4
fd63516ff4,0
fd949b5ab7,4
fd998a993b,1
fd9db12ca0,5
fdabdc4399,1
fdb7d132be,1
fdc06fea10,3
fdc1ac926a,0
fdc28cafdc,4
fdd73141d6,2
fde2b51fb2,0
fdff017e77,5
fe0ff502fb,2
fe11d93a24,2
fe37eddf8e,5
fe4f6ff284,5
fe6e74532c,0
fe801cdc47,3
fe85864f8f,4
fe9e558605,4
fea1ff8505,0
feadf0e85d,1
feb90d8376,0
febd1d2a67,5
fee35c9fa9,5
fefe01ac32,0
ff038e87b1,0
ff1e8ed948,5
ff238df1c4,1
ff24769ea3,4
ff2c353279,0
ff532274cd,5
ff89e5e3cd,2
ff8bf1417c,5
ff9b7d0d2e,2
ff9d2e9ba7,0
ffb2ad3f94,3
ffce5bbb9a,2
ffe228a7e3,4
fff2abcaf9,1
fff4eb4941,2
fff6522bd1,3
fff987cdb3,1
